Stock,Date,Open,High,Low Close,Adj Close,Volume
AAPL,"Apr 28, 2023",168.49,169.85,167.88,169.68,169.68
AAPL,"Apr 27, 2023",165.19,168.56,165.19,168.41,168.41
AAPL,"Apr 26, 2023",163.06,165.28,162.80,163.76,163.76
AAPL,"Apr 25, 2023",165.19,166.31,163.73,163.77,163.77
AAPL,"Apr 24, 2023",165.00,165.60,163.89,165.33,165.33
AAPL,"Apr 21, 2023",165.05,166.45,164.49,165.02,165.02
AAPL,"Apr 20, 2023",166.09,167.87,165.56,166.65,166.65
AAPL,"Apr 19, 2023",165.80,168.16,165.54,167.63,167.63
AAPL,"Apr 18, 2023",166.10,167.41,165.65,166.47,166.47
AAPL,"Apr 17, 2023",165.09,165.39,164.03,165.23,165.23
AAPL,"Apr 14, 2023",164.59,166.32,163.82,165.21,165.21
AAPL,"Apr 13, 2023",161.63,165.80,161.42,165.56,165.56
AAPL,"Apr 12, 2023",161.22,162.06,159.78,160.10,160.10
AAPL,"Apr 11, 2023",162.35,162.36,160.51,160.80,160.80
AAPL,"Apr 10, 2023",161.42,162.03,160.08,162.03,162.03
AAPL,"Apr 06, 2023",162.43,164.96,162.00,164.66,164.66
AAPL,"Apr 05, 2023",164.74,165.05,161.80,163.76,163.76
AAPL,"Apr 04, 2023",166.60,166.84,165.11,165.63,165.63
AAPL,"Apr 03, 2023",164.27,166.29,164.22,166.17,166.17
AAPL,"Mar 31, 2023",162.44,165.00,161.91,164.90,164.90
AAPL,"Mar 30, 2023",161.53,162.47,161.27,162.36,162.36
AAPL,"Mar 29, 2023",159.37,161.05,159.35,160.77,160.77
AAPL,"Mar 28, 2023",157.97,158.49,155.98,157.65,157.65
AAPL,"Mar 27, 2023",159.94,160.77,157.87,158.28,158.28
AAPL,"Mar 24, 2023",158.86,160.34,157.85,160.25,160.25
AAPL,"Mar 23, 2023",158.83,161.55,157.68,158.93,158.93
AAPL,"Mar 22, 2023",159.30,162.14,157.81,157.83,157.83
AAPL,"Mar 21, 2023",157.32,159.40,156.54,159.28,159.28
AAPL,"Mar 20, 2023",155.07,157.82,154.15,157.40,157.40
AAPL,"Mar 17, 2023",156.08,156.74,154.28,155.00,155.00
AAPL,"Mar 16, 2023",152.16,156.46,151.64,155.85,155.85
AAPL,"Mar 15, 2023",151.19,153.25,149.92,152.99,152.99
AAPL,"Mar 14, 2023",151.28,153.40,150.10,152.59,152.59
AAPL,"Mar 13, 2023",147.81,153.14,147.70,150.47,150.47
AAPL,"Mar 10, 2023",150.21,150.94,147.61,148.50,148.50
AAPL,"Mar 09, 2023",153.56,154.54,150.23,150.59,150.59
AAPL,"Mar 08, 2023",152.81,153.47,151.83,152.87,152.87
AAPL,"Mar 07, 2023",153.70,154.03,151.13,151.60,151.60
AAPL,"Mar 06, 2023",153.79,156.30,153.46,153.83,153.83
AAPL,"Mar 03, 2023",148.04,151.11,147.33,151.03,151.03
AAPL,"Mar 02, 2023",144.38,146.71,143.90,145.91,145.91
AAPL,"Mar 01, 2023",146.83,147.23,145.01,145.31,145.31
AAPL,"Feb 28, 2023",147.05,149.08,146.83,147.41,147.41
AAPL,"Feb 27, 2023",147.71,149.17,147.45,147.92,147.92
AAPL,"Feb 24, 2023",147.11,147.19,145.72,146.71,146.71
AAPL,"Feb 23, 2023",150.09,150.34,147.24,149.40,149.40
AAPL,"Feb 22, 2023",148.87,149.95,147.16,148.91,148.91
AAPL,"Feb 21, 2023",150.20,151.30,148.41,148.48,148.48
AAPL,"Feb 17, 2023",152.35,153.00,150.85,152.55,152.55
AAPL,"Feb 16, 2023",153.51,156.33,153.35,153.71,153.71
AAPL,"Feb 15, 2023",153.11,155.50,152.88,155.33,155.33
AAPL,"Feb 14, 2023",152.12,153.77,150.86,153.20,153.20
AAPL,"Feb 13, 2023",150.95,154.26,150.92,153.85,153.85
AAPL,"Feb 10, 2023",149.46,151.34,149.22,151.01,151.01
AAPL,"Feb 09, 2023",153.78,154.33,150.42,150.87,150.64
AAPL,"Feb 08, 2023",153.88,154.58,151.17,151.92,151.69
AAPL,"Feb 07, 2023",150.64,155.23,150.64,154.65,154.41
AAPL,"Feb 06, 2023",152.57,153.10,150.78,151.73,151.50
AAPL,"Feb 03, 2023",148.03,157.38,147.83,154.50,154.26
AAPL,"Feb 02, 2023",148.90,151.18,148.17,150.82,150.59
AAPL,"Feb 01, 2023",143.97,146.61,141.32,145.43,145.21
AAPL,"Jan 31, 2023",142.70,144.34,142.28,144.29,144.07
AAPL,"Jan 30, 2023",144.96,145.55,142.85,143.00,142.78
AAPL,"Jan 27, 2023",143.16,147.23,143.08,145.93,145.71
AAPL,"Jan 26, 2023",143.17,144.25,141.90,143.96,143.74
AAPL,"Jan 25, 2023",140.89,142.43,138.81,141.86,141.64
AAPL,"Jan 24, 2023",140.31,143.16,140.30,142.53,142.31
AAPL,"Jan 23, 2023",138.12,143.32,137.90,141.11,140.89
AAPL,"Jan 20, 2023",135.28,138.02,134.22,137.87,137.66
AAPL,"Jan 19, 2023",134.08,136.25,133.77,135.27,135.06
AAPL,"Jan 18, 2023",136.82,138.61,135.03,135.21,135.00
AAPL,"Jan 17, 2023",134.83,137.29,134.13,135.94,135.73
AAPL,"Jan 13, 2023",132.03,134.92,131.66,134.76,134.55
AAPL,"Jan 12, 2023",133.88,134.26,131.44,133.41,133.21
AAPL,"Jan 11, 2023",131.25,133.51,130.46,133.49,133.29
AAPL,"Jan 10, 2023",130.26,131.26,128.12,130.73,130.53
AAPL,"Jan 09, 2023",130.47,133.41,129.89,130.15,129.95
AAPL,"Jan 06, 2023",126.01,130.29,124.89,129.62,129.42
AAPL,"Jan 05, 2023",127.13,127.77,124.76,125.02,124.83
AAPL,"Jan 04, 2023",126.89,128.66,125.08,126.36,126.17
AAPL,"Jan 03, 2023",130.28,130.90,124.17,125.07,124.88
AAPL,"Dec 30, 2022",128.41,129.95,127.43,129.93,129.73
AAPL,"Dec 29, 2022",127.99,130.48,127.73,129.61,129.41
AAPL,"Dec 28, 2022",129.67,131.03,125.87,126.04,125.85
AAPL,"Dec 27, 2022",131.38,131.41,128.72,130.03,129.83
AAPL,"Dec 23, 2022",130.92,132.42,129.64,131.86,131.66
AAPL,"Dec 22, 2022",134.35,134.56,130.30,132.23,132.03
AAPL,"Dec 21, 2022",132.98,136.81,132.75,135.45,135.24
AAPL,"Dec 20, 2022",131.39,133.25,129.89,132.30,132.10
AAPL,"Dec 19, 2022",135.11,135.20,131.32,132.37,132.17
AAPL,"Dec 16, 2022",136.69,137.65,133.73,134.51,134.30
AAPL,"Dec 15, 2022",141.11,141.80,136.03,136.50,136.29
AAPL,"Dec 14, 2022",145.35,146.66,141.16,143.21,142.99
AAPL,"Dec 13, 2022",149.50,149.97,144.24,145.47,145.25
AAPL,"Dec 12, 2022",142.70,144.50,141.06,144.49,144.27
AAPL,"Dec 09, 2022",142.34,145.57,140.90,142.16,141.94
AAPL,"Dec 08, 2022",142.36,143.52,141.10,142.65,142.43
AAPL,"Dec 07, 2022",142.19,143.37,140.00,140.94,140.73
AAPL,"Dec 06, 2022",147.07,147.30,141.92,142.91,142.69
TSLA,"Apr 28, 2023",160.90,165.00,157.32,164.31,164.31
TSLA,"Apr 27, 2023",152.64,160.48,152.37,160.19,160.19
TSLA,"Apr 26, 2023",160.29,160.67,153.14,153.75,153.75
TSLA,"Apr 25, 2023",159.82,163.47,158.75,160.67,160.67
TSLA,"Apr 24, 2023",164.65,165.65,158.61,162.55,162.55
TSLA,"Apr 21, 2023",164.80,166.00,161.32,165.08,165.08
TSLA,"Apr 20, 2023",166.17,169.70,160.56,162.99,162.99
TSLA,"Apr 19, 2023",179.10,183.50,177.65,180.59,180.59
TSLA,"Apr 18, 2023",187.15,187.69,183.58,184.31,184.31
TSLA,"Apr 17, 2023",186.32,189.69,182.69,187.04,187.04
TSLA,"Apr 14, 2023",183.95,186.28,182.01,185.00,185.00
TSLA,"Apr 13, 2023",182.96,186.50,180.94,185.90,185.90
TSLA,"Apr 12, 2023",190.74,191.58,180.31,180.54,180.54
TSLA,"Apr 11, 2023",186.69,189.19,185.65,186.79,186.79
TSLA,"Apr 10, 2023",179.94,185.10,176.11,184.51,184.51
TSLA,"Apr 06, 2023",183.08,186.39,179.74,185.06,185.06
TSLA,"Apr 05, 2023",190.52,190.68,183.76,185.52,185.52
TSLA,"Apr 04, 2023",197.32,198.74,190.32,192.58,192.58
TSLA,"Apr 03, 2023",199.91,202.69,192.20,194.77,194.77
TSLA,"Mar 31, 2023",197.53,207.79,197.20,207.46,207.46
TSLA,"Mar 30, 2023",195.58,197.33,194.42,195.28,195.28
TSLA,"Mar 29, 2023",193.13,195.29,189.44,193.88,193.88
TSLA,"Mar 28, 2023",192.00,192.35,185.43,189.19,189.19
TSLA,"Mar 27, 2023",194.42,197.39,189.94,191.81,191.81
TSLA,"Mar 24, 2023",191.65,192.36,187.15,190.41,190.41
TSLA,"Mar 23, 2023",195.26,199.31,188.65,192.22,192.22
TSLA,"Mar 22, 2023",199.30,200.66,190.95,191.15,191.15
TSLA,"Mar 21, 2023",188.28,198.00,188.04,197.58,197.58
TSLA,"Mar 20, 2023",178.08,186.44,176.35,183.25,183.25
TSLA,"Mar 17, 2023",184.52,186.22,177.33,180.13,180.13
TSLA,"Mar 16, 2023",180.37,185.81,178.84,184.13,184.13
TSLA,"Mar 15, 2023",180.80,182.34,176.03,180.45,180.45
TSLA,"Mar 14, 2023",177.31,183.80,177.14,183.26,183.26
TSLA,"Mar 13, 2023",167.46,177.35,163.91,174.48,174.48
TSLA,"Mar 10, 2023",175.13,178.29,168.44,173.44,173.44
TSLA,"Mar 09, 2023",180.25,185.18,172.51,172.92,172.92
TSLA,"Mar 08, 2023",185.04,186.50,180.00,182.00,182.00
TSLA,"Mar 07, 2023",191.38,194.20,186.10,187.71,187.71
TSLA,"Mar 06, 2023",198.54,198.60,192.30,193.81,193.81
TSLA,"Mar 03, 2023",194.80,200.48,192.88,197.79,197.79
TSLA,"Mar 02, 2023",186.74,193.75,186.01,190.90,190.90
TSLA,"Mar 01, 2023",206.21,207.20,198.52,202.77,202.77
TSLA,"Feb 28, 2023",210.59,211.23,203.75,205.71,205.71
TSLA,"Feb 27, 2023",202.03,209.42,201.26,207.63,207.63
TSLA,"Feb 24, 2023",196.33,197.67,192.80,196.88,196.88
TSLA,"Feb 23, 2023",203.91,205.14,196.33,202.07,202.07
TSLA,"Feb 22, 2023",197.93,201.99,191.78,200.86,200.86
TSLA,"Feb 21, 2023",204.99,209.71,197.22,197.37,197.37
TSLA,"Feb 17, 2023",199.99,208.44,197.50,208.31,208.31
TSLA,"Feb 16, 2023",210.78,217.65,201.84,202.04,202.04
TSLA,"Feb 15, 2023",211.76,214.66,206.11,214.24,214.24
TSLA,"Feb 14, 2023",191.94,209.82,189.44,209.25,209.25
TSLA,"Feb 13, 2023",194.42,196.30,187.61,194.64,194.64
TSLA,"Feb 10, 2023",202.23,206.20,192.89,196.89,196.89
TSLA,"Feb 09, 2023",207.78,214.00,204.77,207.32,207.32
TSLA,"Feb 08, 2023",196.10,203.00,194.31,201.29,201.29
TSLA,"Feb 07, 2023",196.43,197.50,189.55,196.81,196.81
TSLA,"Feb 06, 2023",193.01,198.17,189.92,194.76,194.76
TSLA,"Feb 03, 2023",183.95,199.00,183.69,189.98,189.98
TSLA,"Feb 02, 2023",187.33,196.75,182.61,188.27,188.27
TSLA,"Feb 01, 2023",173.89,183.81,169.93,181.41,181.41
TSLA,"Jan 31, 2023",164.57,174.30,162.78,173.22,173.22
TSLA,"Jan 30, 2023",178.05,179.77,166.50,166.66,166.66
TSLA,"Jan 27, 2023",162.43,180.68,161.17,177.90,177.90
TSLA,"Jan 26, 2023",159.97,161.42,154.76,160.27,160.27
TSLA,"Jan 25, 2023",141.91,146.41,138.07,144.43,144.43
TSLA,"Jan 24, 2023",143.00,146.50,141.10,143.89,143.89
TSLA,"Jan 23, 2023",135.87,145.38,134.27,143.75,143.75
TSLA,"Jan 20, 2023",128.68,133.51,127.35,133.42,133.42
TSLA,"Jan 19, 2023",127.26,129.99,124.31,127.17,127.17
TSLA,"Jan 18, 2023",136.56,136.68,127.01,128.78,128.78
TSLA,"Jan 17, 2023",125.70,131.70,125.02,131.49,131.49
TSLA,"Jan 13, 2023",116.55,122.63,115.60,122.40,122.40
TSLA,"Jan 12, 2023",122.56,124.13,117.00,123.56,123.56
TSLA,"Jan 11, 2023",122.09,125.95,120.51,123.22,123.22
TSLA,"Jan 10, 2023",121.07,122.76,114.92,118.85,118.85
TSLA,"Jan 09, 2023",118.96,123.52,117.11,119.77,119.77
TSLA,"Jan 06, 2023",103.00,114.39,101.81,113.06,113.06
TSLA,"Jan 05, 2023",110.51,111.75,107.16,110.34,110.34
TSLA,"Jan 04, 2023",109.11,114.59,107.52,113.64,113.64
TSLA,"Jan 03, 2023",118.47,118.80,104.64,108.10,108.10
TSLA,"Dec 30, 2022",119.95,124.48,119.75,123.18,123.18
TSLA,"Dec 29, 2022",120.39,123.57,117.50,121.82,121.82
TSLA,"Dec 28, 2022",110.35,116.27,108.24,112.71,112.71
TSLA,"Dec 27, 2022",117.50,119.67,108.76,109.10,109.10
TSLA,"Dec 23, 2022",126.37,128.62,121.02,123.15,123.15
TSLA,"Dec 22, 2022",136.00,136.63,122.26,125.35,125.35
TSLA,"Dec 21, 2022",139.34,141.26,135.89,137.57,137.57
TSLA,"Dec 20, 2022",146.05,148.47,137.66,137.80,137.80
TSLA,"Dec 19, 2022",154.00,155.25,145.82,149.87,149.87
TSLA,"Dec 16, 2022",159.64,160.99,150.04,150.23,150.23
TSLA,"Dec 15, 2022",153.44,160.93,153.28,157.67,157.67
TSLA,"Dec 14, 2022",159.25,161.62,155.31,156.80,156.80
TSLA,"Dec 13, 2022",174.87,175.05,156.91,160.95,160.95
TSLA,"Dec 12, 2022",176.10,177.37,167.52,167.82,167.82
TSLA,"Dec 09, 2022",173.84,182.50,173.36,179.05,179.05
TSLA,"Dec 08, 2022",172.20,175.20,169.06,173.44,173.44
TSLA,"Dec 07, 2022",175.03,179.38,172.22,174.04,174.04
TSLA,"Dec 06, 2022",181.22,183.65,175.33,179.82,179.82
TSLA,"Dec 05, 2022",189.44,191.27,180.55,182.45,182.45
VWAPY,"Apr 28, 2023",13.45,13.64,13.45,13.62,13.62
VWAPY,"Apr 27, 2023",13.46,13.49,13.36,13.49,13.49
VWAPY,"Apr 26, 2023",13.41,13.41,13.26,13.30,13.30
VWAPY,"Apr 25, 2023",13.33,13.33,13.10,13.10,13.10
VWAPY,"Apr 24, 2023",13.40,13.50,13.37,13.43,13.43
VWAPY,"Apr 21, 2023",13.28,13.38,13.21,13.37,13.37
VWAPY,"Apr 20, 2023",13.24,13.50,13.22,13.40,13.40
VWAPY,"Apr 19, 2023",13.60,13.73,13.57,13.72,13.72
VWAPY,"Apr 18, 2023",13.85,13.87,13.80,13.85,13.85
VWAPY,"Apr 17, 2023",13.80,13.85,13.75,13.85,13.85
VWAPY,"Apr 14, 2023",14.03,14.09,13.94,13.98,13.98
VWAPY,"Apr 13, 2023",13.89,13.94,13.84,13.91,13.91
VWAPY,"Apr 12, 2023",13.83,13.83,13.72,13.72,13.72
VWAPY,"Apr 11, 2023",13.63,13.70,13.61,13.68,13.68
VWAPY,"Apr 10, 2023",13.01,13.55,13.01,13.54,13.54
VWAPY,"Apr 06, 2023",13.35,13.52,13.33,13.48,13.48
VWAPY,"Apr 05, 2023",13.54,13.56,13.40,13.49,13.49
VWAPY,"Apr 04, 2023",13.79,13.82,13.66,13.71,13.71
VWAPY,"Apr 03, 2023",13.67,13.74,13.65,13.74,13.74
VWAPY,"Mar 31, 2023",13.57,13.62,13.56,13.60,13.60
VWAPY,"Mar 30, 2023",13.57,13.60,13.51,13.56,13.56
VWAPY,"Mar 29, 2023",13.19,13.30,13.15,13.29,13.29
VWAPY,"Mar 28, 2023",13.07,13.19,13.06,13.18,13.18
VWAPY,"Mar 27, 2023",13.05,13.06,12.98,13.03,13.03
VWAPY,"Mar 24, 2023",12.63,12.83,12.62,12.81,12.81
VWAPY,"Mar 23, 2023",13.23,13.34,13.02,13.10,13.10
VWAPY,"Mar 22, 2023",13.32,13.49,13.25,13.26,13.26
VWAPY,"Mar 21, 2023",13.25,13.32,13.19,13.28,13.28
VWAPY,"Mar 20, 2023",12.74,12.90,12.71,12.86,12.86
VWAPY,"Mar 17, 2023",12.73,12.85,12.60,12.80,12.80
VWAPY,"Mar 16, 2023",12.76,13.07,12.74,13.07,13.07
VWAPY,"Mar 15, 2023",12.92,13.20,12.90,13.14,13.14
VWAPY,"Mar 14, 2023",13.73,13.77,13.60,13.77,13.77
VWAPY,"Mar 13, 2023",13.86,14.04,13.79,14.00,14.00
VWAPY,"Mar 10, 2023",14.29,14.40,14.15,14.17,14.17
VWAPY,"Mar 09, 2023",14.48,14.55,14.31,14.34,14.34
VWAPY,"Mar 08, 2023",14.74,14.85,14.68,14.73,14.73
VWAPY,"Mar 07, 2023",14.78,14.82,14.55,14.55,14.55
VWAPY,"Mar 06, 2023",14.93,14.94,14.81,14.85,14.85
VWAPY,"Mar 03, 2023",14.85,15.10,14.73,15.00,15.00
VWAPY,"Mar 02, 2023",13.45,13.62,13.43,13.60,13.60
VWAPY,"Mar 01, 2023",13.81,13.84,13.61,13.66,13.66
VWAPY,"Feb 28, 2023",13.62,13.71,13.61,13.62,13.62
VWAPY,"Feb 27, 2023",13.66,13.74,13.65,13.73,13.73
VWAPY,"Feb 24, 2023",13.57,13.58,13.41,13.49,13.49
VWAPY,"Feb 23, 2023",14.03,14.03,13.87,13.96,13.96
VWAPY,"Feb 22, 2023",13.89,13.98,13.85,13.89,13.89
VWAPY,"Feb 21, 2023",13.89,13.99,13.86,13.88,13.88
VWAPY,"Feb 17, 2023",13.94,14.02,13.88,14.02,14.02
VWAPY,"Feb 16, 2023",13.82,13.98,13.80,13.89,13.89
VWAPY,"Feb 15, 2023",13.90,13.99,13.87,13.97,13.97
VWAPY,"Feb 14, 2023",13.85,14.05,13.82,14.01,14.01
VWAPY,"Feb 13, 2023",13.68,13.77,13.65,13.73,13.73
VWAPY,"Feb 10, 2023",13.75,13.75,13.61,13.68,13.68
VWAPY,"Feb 09, 2023",14.01,14.04,13.83,13.85,13.85
VWAPY,"Feb 08, 2023",13.90,13.93,13.76,13.83,13.83
VWAPY,"Feb 07, 2023",13.99,14.11,13.77,13.88,13.88
VWAPY,"Feb 06, 2023",13.95,13.97,13.81,13.94,13.94
VWAPY,"Feb 03, 2023",14.28,14.37,14.13,14.15,14.15
VWAPY,"Feb 02, 2023",14.41,14.59,14.30,14.50,14.50
VWAPY,"Feb 01, 2023",13.87,14.23,13.85,14.18,14.18
VWAPY,"Jan 31, 2023",13.60,13.82,13.58,13.81,13.81
VWAPY,"Jan 30, 2023",13.62,13.69,13.57,13.60,13.60
VWAPY,"Jan 27, 2023",13.65,13.76,13.60,13.65,13.65
VWAPY,"Jan 26, 2023",13.57,13.60,13.45,13.59,13.59
VWAPY,"Jan 25, 2023",13.38,13.55,13.34,13.54,13.54
VWAPY,"Jan 24, 2023",13.37,13.46,13.28,13.43,13.43
VWAPY,"Jan 23, 2023",13.46,13.62,13.44,13.58,13.58
VWAPY,"Jan 20, 2023",13.30,13.50,13.26,13.50,13.50
VWAPY,"Jan 19, 2023",13.24,13.39,13.22,13.36,13.36
VWAPY,"Jan 18, 2023",13.62,13.64,13.44,13.47,13.47
VWAPY,"Jan 17, 2023",13.43,13.58,13.41,13.49,13.49
VWAPY,"Jan 13, 2023",13.38,13.58,13.37,13.58,13.58
VWAPY,"Jan 12, 2023",13.82,14.00,13.74,13.97,13.97
VWAPY,"Jan 11, 2023",13.75,13.78,13.65,13.78,13.78
VWAPY,"Jan 10, 2023",13.64,13.70,13.58,13.70,13.70
VWAPY,"Jan 09, 2023",13.66,13.77,13.65,13.67,13.67
VWAPY,"Jan 06, 2023",13.25,13.65,13.21,13.65,13.65
VWAPY,"Jan 05, 2023",13.47,13.48,13.33,13.35,13.35
VWAPY,"Jan 04, 2023",13.23,13.34,13.18,13.28,13.28
VWAPY,"Jan 03, 2023",12.91,12.97,12.77,12.88,12.88
VWAPY,"Dec 30, 2022",12.40,12.45,12.30,12.38,12.38
VWAPY,"Dec 29, 2022",12.31,12.42,12.29,12.35,12.35
VWAPY,"Dec 28, 2022",12.23,12.26,12.11,12.15,12.15
VWAPY,"Dec 27, 2022",12.30,12.33,12.25,12.31,12.31
VWAPY,"Dec 23, 2022",12.23,12.37,12.20,12.23,12.23
VWAPY,"Dec 22, 2022",12.14,12.18,11.94,12.18,12.18
VWAPY,"Dec 21, 2022",12.71,12.74,12.62,12.67,12.67
VWAPY,"Dec 20, 2022",12.73,12.81,12.60,12.64,12.64
VWAPY,"Dec 19, 2022",13.08,13.13,12.87,12.94,12.94
VWAPY,"Dec 16, 2022",14.25,14.78,14.15,14.58,12.54
VWAPY,"Dec 15, 2022",14.26,14.39,14.11,14.22,12.23
VWAPY,"Dec 14, 2022",14.58,14.72,14.50,14.65,12.60
VWAPY,"Dec 13, 2022",14.85,14.88,14.47,14.55,12.51
VWAPY,"Dec 12, 2022",14.32,14.38,14.21,14.38,12.37
VWAPY,"Dec 09, 2022",14.38,14.50,14.37,14.40,12.38
VWAPY,"Dec 08, 2022",14.36,14.45,14.29,14.44,12.42
VWAPY,"Dec 07, 2022",14.46,14.56,14.40,14.47,12.44
VWAPY,"Dec 06, 2022",14.68,14.72,14.46,14.52,12.49
GOOGL,"Apr 28, 2023",107.04,107.35,105.09,107.34,107.34
GOOGL,"Apr 27, 2023",104.45,108.37,103.54,107.59,107.59
GOOGL,"Apr 26, 2023",104.92,106.35,102.63,103.71,103.71
GOOGL,"Apr 25, 2023",105.83,106.69,103.84,103.85,103.85
GOOGL,"Apr 24, 2023",105.49,106.63,104.70,105.97,105.97
GOOGL,"Apr 21, 2023",105.47,106.00,104.78,105.41,105.41
GOOGL,"Apr 20, 2023",103.91,106.25,103.87,105.29,105.29
GOOGL,"Apr 19, 2023",103.58,104.98,103.07,104.18,104.18
GOOGL,"Apr 18, 2023",106.49,106.54,104.07,104.50,104.50
GOOGL,"Apr 17, 2023",104.66,106.16,104.52,105.97,105.97
GOOGL,"Apr 14, 2023",106.89,108.94,106.84,108.87,108.87
GOOGL,"Apr 13, 2023",105.84,107.49,105.84,107.43,107.43
GOOGL,"Apr 12, 2023",106.58,106.75,104.34,104.64,104.64
GOOGL,"Apr 11, 2023",106.55,106.73,104.68,105.35,105.35
GOOGL,"Apr 10, 2023",106.98,107.59,105.12,106.44,106.44
GOOGL,"Apr 06, 2023",105.26,109.17,104.33,108.42,108.42
GOOGL,"Apr 05, 2023",105.78,106.10,103.66,104.47,104.47
GOOGL,"Apr 04, 2023",104.33,105.58,104.04,104.72,104.72
GOOGL,"Apr 03, 2023",102.39,104.53,101.93,104.36,104.36
GOOGL,"Mar 31, 2023",101.30,103.89,101.04,103.73,103.73
GOOGL,"Mar 30, 2023",100.91,101.16,99.78,100.89,100.89
GOOGL,"Mar 29, 2023",102.28,102.49,100.65,101.39,101.39
GOOGL,"Mar 28, 2023",102.44,102.45,99.74,101.03,101.03
GOOGL,"Mar 27, 2023",104.62,104.76,101.93,102.46,102.46
GOOGL,"Mar 24, 2023",104.99,105.49,103.84,105.44,105.44
GOOGL,"Mar 23, 2023",105.06,106.30,104.46,105.60,105.60
GOOGL,"Mar 22, 2023",104.27,106.59,103.33,103.37,103.37
GOOGL,"Mar 21, 2023",101.25,105.10,101.22,104.92,104.92
GOOGL,"Mar 20, 2023",100.12,101.75,99.87,101.22,101.22
GOOGL,"Mar 17, 2023",100.26,102.84,100.10,101.62,101.62
GOOGL,"Mar 16, 2023",96.20,101.19,95.50,100.32,100.32
GOOGL,"Mar 15, 2023",93.22,96.93,92.64,96.11,96.11
GOOGL,"Mar 14, 2023",92.56,94.36,92.44,93.97,93.97
GOOGL,"Mar 13, 2023",90.09,92.57,89.42,91.11,91.11
GOOGL,"Mar 10, 2023",92.17,92.79,90.40,90.63,90.63
GOOGL,"Mar 09, 2023",94.05,95.53,91.90,92.32,92.32
GOOGL,"Mar 08, 2023",94.12,95.96,94.00,94.25,94.25
GOOGL,"Mar 07, 2023",94.98,95.67,93.53,93.86,93.86
GOOGL,"Mar 06, 2023",94.02,95.97,94.00,95.13,95.13
GOOGL,"Mar 03, 2023",92.48,93.73,92.45,93.65,93.65
GOOGL,"Mar 02, 2023",89.66,92.28,89.59,92.00,92.00
GOOGL,"Mar 01, 2023",89.98,91.03,89.67,90.36,90.36
GOOGL,"Feb 28, 2023",89.33,91.23,89.32,90.06,90.06
GOOGL,"Feb 27, 2023",89.87,90.16,89.34,89.87,89.87
GOOGL,"Feb 24, 2023",89.44,89.89,88.58,89.13,89.13
GOOGL,"Feb 23, 2023",91.92,91.94,89.76,90.89,90.89
GOOGL,"Feb 22, 2023",91.70,92.11,90.61,91.65,91.65
GOOGL,"Feb 21, 2023",93.00,93.10,91.72,91.79,91.79
GOOGL,"Feb 17, 2023",94.85,95.56,93.21,94.35,94.35
GOOGL,"Feb 16, 2023",95.37,97.68,94.74,95.51,95.51
GOOGL,"Feb 15, 2023",94.49,97.12,94.15,96.94,96.94
GOOGL,"Feb 14, 2023",94.43,94.85,92.26,94.68,94.68
GOOGL,"Feb 13, 2023",94.74,95.20,93.84,94.61,94.61
GOOGL,"Feb 10, 2023",95.45,96.75,94.25,94.57,94.57
GOOGL,"Feb 09, 2023",100.00,100.03,93.63,95.01,95.01
GOOGL,"Feb 08, 2023",102.05,103.14,98.04,99.37,99.37
GOOGL,"Feb 07, 2023",103.22,108.18,103.12,107.64,107.64
GOOGL,"Feb 06, 2023",102.40,104.36,101.88,102.90,102.90
GOOGL,"Feb 03, 2023",102.93,107.81,102.58,104.78,104.78
GOOGL,"Feb 02, 2023",105.80,107.85,105.61,107.74,107.74
GOOGL,"Feb 01, 2023",98.71,101.19,97.58,100.43,100.43
GOOGL,"Jan 31, 2023",96.87,98.88,96.82,98.84,98.84
GOOGL,"Jan 30, 2023",97.48,98.29,96.40,96.94,96.94
GOOGL,"Jan 27, 2023",97.31,100.32,97.31,99.37,99.37
GOOGL,"Jan 26, 2023",96.50,97.57,95.38,97.52,97.52
GOOGL,"Jan 25, 2023",95.57,96.16,93.76,95.22,95.22
GOOGL,"Jan 24, 2023",98.10,99.61,97.20,97.70,97.70
GOOGL,"Jan 23, 2023",97.95,100.04,97.50,99.79,99.79
GOOGL,"Jan 20, 2023",95.10,98.30,95.02,98.02,98.02
GOOGL,"Jan 19, 2023",90.72,93.61,90.63,93.05,93.05
GOOGL,"Jan 18, 2023",92.14,92.80,90.64,91.12,91.12
GOOGL,"Jan 17, 2023",92.06,92.25,90.05,91.29,91.29
GOOGL,"Jan 13, 2023",90.85,92.19,90.13,92.12,92.12
GOOGL,"Jan 12, 2023",91.48,91.87,89.75,91.13,91.13
GOOGL,"Jan 11, 2023",89.18,91.60,89.01,91.52,91.52
GOOGL,"Jan 10, 2023",85.98,88.67,85.83,88.42,88.42
GOOGL,"Jan 09, 2023",88.36,90.05,87.86,88.02,88.02
GOOGL,"Jan 06, 2023",86.79,87.69,84.86,87.34,87.34
GOOGL,"Jan 05, 2023",87.47,87.57,85.90,86.20,86.20
GOOGL,"Jan 04, 2023",90.35,90.65,87.27,88.08,88.08
GOOGL,"Jan 03, 2023",89.59,91.05,88.52,89.12,89.12
GOOGL,"Dec 30, 2022",86.98,88.30,86.57,88.23,88.23
GOOGL,"Dec 29, 2022",86.62,88.85,86.61,88.45,88.45
GOOGL,"Dec 28, 2022",86.98,88.04,85.94,86.02,86.02
GOOGL,"Dec 27, 2022",88.80,88.94,87.01,87.39,87.39
GOOGL,"Dec 23, 2022",87.11,89.55,87.07,89.23,89.23
GOOGL,"Dec 22, 2022",88.16,88.54,86.32,87.76,87.76
GOOGL,"Dec 21, 2022",89.08,90.22,88.32,89.58,89.58
GOOGL,"Dec 20, 2022",88.11,89.18,87.44,89.02,89.02
GOOGL,"Dec 19, 2022",90.26,90.56,88.21,88.44,88.44
GOOGL,"Dec 16, 2022",90.76,91.33,89.52,90.26,90.26
GOOGL,"Dec 15, 2022",93.13,93.64,90.01,90.86,90.86
GOOGL,"Dec 14, 2022",95.20,96.87,93.60,95.07,95.07
GOOGL,"Dec 13, 2022",97.76,99.53,95.03,95.63,95.63
GOOGL,"Dec 12, 2022",92.71,93.56,91.61,93.31,93.31
GOOGL,"Dec 09, 2022",93.77,94.26,92.75,92.83,92.83
GOOGL,"Dec 08, 2022",95.38,95.58,93.45,93.71,93.71
GOOGL,"Dec 07, 2022",96.41,96.88,94.72,94.94,94.94
GOOGL,"Dec 06, 2022",99.30,99.78,96.42,96.98,96.98
GOOGL,"Dec 05, 2022",99.40,101.38,99.00,99.48,99.48
META,"Apr 28, 2023",239.01,240.43,235.75,240.32,240.32
META,"Apr 27, 2023",239.89,241.69,236.77,238.56,238.56
META,"Apr 26, 2023",212.50,214.11,208.88,209.40,209.40
META,"Apr 25, 2023",210.82,211.26,207.13,207.55,207.55
META,"Apr 24, 2023",213.68,213.92,210.71,212.79,212.79
META,"Apr 21, 2023",210.21,213.41,209.58,212.89,212.89
META,"Apr 20, 2023",213.48,216.75,212.77,213.07,213.07
META,"Apr 19, 2023",213.47,217.33,212.93,215.70,215.70
META,"Apr 18, 2023",219.91,220.44,216.21,217.89,217.89
META,"Apr 17, 2023",219.79,220.98,217.13,218.86,218.86
META,"Apr 14, 2023",217.88,222.11,217.55,221.49,221.49
META,"Apr 13, 2023",215.73,221.15,215.69,220.35,220.35
META,"Apr 12, 2023",214.84,216.84,212.58,214.00,214.00
META,"Apr 11, 2023",215.48,216.02,213.41,213.85,213.85
META,"Apr 10, 2023",214.71,215.66,210.66,214.75,214.75
META,"Apr 06, 2023",209.25,216.94,208.65,216.10,216.10
META,"Apr 05, 2023",214.15,215.19,209.94,211.48,211.48
META,"Apr 04, 2023",213.39,216.24,212.54,214.72,214.72
META,"Apr 03, 2023",208.84,213.49,208.20,213.07,213.07
META,"Mar 31, 2023",207.24,212.17,206.77,211.94,211.94
META,"Mar 30, 2023",203.38,208.09,202.82,207.84,207.84
META,"Mar 29, 2023",203.56,205.72,202.54,205.35,205.35
META,"Mar 28, 2023",200.15,201.03,197.90,200.68,200.68
META,"Mar 27, 2023",204.81,205.86,201.36,202.84,202.84
META,"Mar 24, 2023",205.18,207.58,203.55,206.01,206.01
META,"Mar 23, 2023",202.84,207.88,202.15,204.28,204.28
META,"Mar 22, 2023",202.50,207.37,199.67,199.81,199.81
META,"Mar 21, 2023",203.20,203.55,197.95,202.16,202.16
META,"Mar 20, 2023",198.48,199.36,193.64,197.81,197.81
META,"Mar 17, 2023",200.56,201.90,195.43,195.61,195.61
META,"Mar 16, 2023",198.26,205.76,196.09,204.93,204.93
META,"Mar 15, 2023",192.95,197.78,190.84,197.75,197.75
META,"Mar 14, 2023",187.58,194.32,186.56,194.02,194.02
META,"Mar 13, 2023",177.96,183.78,174.82,180.90,180.90
META,"Mar 10, 2023",181.01,184.77,178.80,179.51,179.51
META,"Mar 09, 2023",186.35,188.93,180.30,181.69,181.69
META,"Mar 08, 2023",182.87,185.26,181.34,184.97,184.97
META,"Mar 07, 2023",189.00,190.36,184.01,184.51,184.51
META,"Mar 06, 2023",188.00,189.66,184.64,184.90,184.90
META,"Mar 03, 2023",178.92,186.62,177.05,185.25,185.25
META,"Mar 02, 2023",172.38,175.01,171.43,174.53,174.53
META,"Mar 01, 2023",174.59,177.85,173.05,173.42,173.42
META,"Feb 28, 2023",171.90,177.55,171.87,174.94,174.94
META,"Feb 27, 2023",171.88,173.12,169.06,169.54,169.54
META,"Feb 24, 2023",168.64,170.72,167.66,170.39,170.39
META,"Feb 23, 2023",172.00,173.69,169.38,172.04,172.04
META,"Feb 22, 2023",171.07,172.76,169.69,171.12,171.12
META,"Feb 21, 2023",174.31,178.17,171.88,172.08,172.08
META,"Feb 17, 2023",170.22,173.18,169.70,172.88,172.88
META,"Feb 16, 2023",172.75,175.85,171.79,172.44,172.44
META,"Feb 15, 2023",176.42,178.19,175.33,177.16,177.16
META,"Feb 14, 2023",177.16,181.51,175.88,179.48,179.48
META,"Feb 13, 2023",178.22,181.00,175.82,179.43,179.43
META,"Feb 10, 2023",176.35,178.89,173.35,174.15,174.15
META,"Feb 09, 2023",186.13,186.65,177.27,177.92,177.92
META,"Feb 08, 2023",190.00,190.83,182.92,183.43,183.43
META,"Feb 07, 2023",185.58,193.78,184.40,191.62,191.62
META,"Feb 06, 2023",186.53,190.70,185.52,186.06,186.06
META,"Feb 03, 2023",183.47,196.77,182.89,186.53,186.53
META,"Feb 02, 2023",183.38,197.16,180.16,188.77,188.77
META,"Feb 01, 2023",148.03,153.58,147.06,153.12,153.12
META,"Jan 31, 2023",147.95,149.88,147.52,148.97,148.97
META,"Jan 30, 2023",149.41,151.12,146.95,147.06,147.06
META,"Jan 27, 2023",148.24,153.19,147.39,151.74,151.74
META,"Jan 26, 2023",144.40,147.51,143.30,147.30,147.30
META,"Jan 25, 2023",141.22,143.17,140.31,141.50,141.50
META,"Jan 24, 2023",141.69,145.00,141.36,143.14,143.14
META,"Jan 23, 2023",139.29,143.76,138.66,143.27,143.27
META,"Jan 20, 2023",135.89,139.94,134.61,139.37,139.37
META,"Jan 19, 2023",132.49,137.45,132.14,136.15,136.15
META,"Jan 18, 2023",135.81,137.25,132.80,133.02,133.02
META,"Jan 17, 2023",136.18,136.75,134.25,135.36,135.36
META,"Jan 13, 2023",134.97,137.39,134.84,136.98,136.98
META,"Jan 12, 2023",133.44,137.68,131.76,136.71,136.71
META,"Jan 11, 2023",130.96,133.85,130.34,132.89,132.89
META,"Jan 10, 2023",127.27,133.44,127.15,132.99,132.99
META,"Jan 09, 2023",131.16,132.95,129.28,129.47,129.47
META,"Jan 06, 2023",128.97,130.33,126.04,130.02,130.02
META,"Jan 05, 2023",126.13,128.52,124.54,126.94,126.94
META,"Jan 04, 2023",127.38,129.05,125.85,127.37,127.37
META,"Jan 03, 2023",122.82,126.37,122.28,124.74,124.74
META,"Dec 30, 2022",118.16,120.42,117.74,120.34,120.34
META,"Dec 29, 2022",116.40,121.03,115.77,120.26,120.26
META,"Dec 28, 2022",116.25,118.15,115.51,115.62,115.62
META,"Dec 27, 2022",117.93,118.60,116.05,116.88,116.88
META,"Dec 23, 2022",116.03,118.18,115.54,118.04,118.04
META,"Dec 22, 2022",117.20,118.62,114.38,117.12,117.12
META,"Dec 21, 2022",116.70,120.34,115.62,119.76,119.76
META,"Dec 20, 2022",113.26,117.33,112.46,117.09,117.09
META,"Dec 19, 2022",116.83,117.80,114.33,114.48,114.48
META,"Dec 16, 2022",120.23,123.31,118.82,119.43,119.43
META,"Dec 15, 2022",118.33,118.63,114.01,116.15,116.15
META,"Dec 14, 2022",119.39,124.14,119.39,121.59,121.59
META,"Dec 13, 2022",122.13,123.30,118.64,120.15,120.15
META,"Dec 12, 2022",115.18,115.72,113.14,114.71,114.71
META,"Dec 09, 2022",115.30,117.54,113.87,115.90,115.90
META,"Dec 08, 2022",116.39,117.34,114.59,115.33,115.33
META,"Dec 07, 2022",113.76,115.88,112.88,113.93,113.93
META,"Dec 06, 2022",119.91,120.55,113.74,114.12,114.12
META,"Dec 05, 2022",121.75,124.67,121.35,122.43,122.43
